{
  "schemaVersion": 1,
  "id": "pulse",
  "version": "1.0-SNAPSHOT",
  "name": "pulse",
  "description": "pulse client for Minecraft",
  "authors": [
    "You"
  ],
  "contact": {
    "homepage": "https://github.com/yourusername/pulse",
    "issues": "https://github.com/yourusername/pulse/issues",
    "sources": "https://github.com/yourusername/pulse"
  },
  "license": "All-Rights-Reserved",
  "icon": "assets/pulse/icon.png",
  "environment": "client",
  "entrypoints": {
    "client": [],
    "main": [
      "ru.pulse.Pulse"
    ]
  },
  "mixins": [
    "pulse.mixins.json"
  ],
  "depends": {
    "fabricloader": ">=0.16.9",
    "fabric": "*",
    "minecraft": "1.16.5",
    "java": ">=8"
  }
}