{
  "mappings": {
    "ru/pulse/mixin/ArmorFeatureRendererMixin": {
      "Lnet/minecraft/client/render/entity/model/BipedEntityModel;render(Lnet/minecraft/client/util/math/MatrixStack;Lnet/minecraft/client/render/VertexConsumer;IIFFFF)V": "Lnet/minecraft/class_572;method_2828(Lnet/minecraft/class_4587;Lnet/minecraft/class_4588;IIFFFF)V",
      "render": "Lnet/minecraft/class_970;method_17157(Lnet/minecraft/class_4587;Lnet/minecraft/class_4597;ILnet/minecraft/class_1309;FFFFFF)V",
      "renderArmorParts": "Lnet/minecraft/class_970;method_23192(Lnet/minecraft/class_4587;Lnet/minecraft/class_4597;ILnet/minecraft/class_1738;ZLnet/minecraft/class_572;ZFFFLjava/lang/String;)V"
    },
    "ru/pulse/mixin/BackgroundRendererMixin": {
      "Lcom/mojang/blaze3d/systems/RenderSystem;clearColor(FFFF)V": "Lcom/mojang/blaze3d/systems/RenderSystem;clearColor(FFFF)V",
      "applyFog": "Lnet/minecraft/class_758;method_3211(Lnet/minecraft/class_4184;Lnet/minecraft/class_758$class_4596;FZ)V",
      "render": "Lnet/minecraft/class_758;method_3210(Lnet/minecraft/class_4184;FLnet/minecraft/class_638;IF)V"
    },
    "ru/pulse/mixin/BlockOutlineMixin": {
      "drawBlockOutline": "Lnet/minecraft/class_761;method_22712(Lnet/minecraft/class_4587;Lnet/minecraft/class_4588;Lnet/minecraft/class_1297;DDDLnet/minecraft/class_2338;Lnet/minecraft/class_2680;)V"
    },
    "ru/pulse/mixin/BossBarHudMixin": {
      "render": "Lnet/minecraft/class_337;method_1796(Lnet/minecraft/class_4587;)V"
    },
    "ru/pulse/mixin/CameraMixin": {
      "Lnet/minecraft/client/render/Camera;setRotation(FF)V": "Lnet/minecraft/class_4184;method_19325(FF)V",
      "update": "Lnet/minecraft/class_4184;method_19321(Lnet/minecraft/class_1922;Lnet/minecraft/class_1297;ZZF)V"
    },
    "ru/pulse/mixin/ChatHideMixin": {
      "init": "Lnet/minecraft/class_408;method_25426()V"
    },
    "ru/pulse/mixin/ChatInputMixin": {
      "render": "Lnet/minecraft/class_408;method_25394(Lnet/minecraft/class_4587;IIF)V"
    },
    "ru/pulse/mixin/ChatSuggestionsMixin": {
      "render": "Lnet/minecraft/class_4717;method_23923(Lnet/minecraft/class_4587;II)V"
    },
    "ru/pulse/mixin/ClientConnectionMixin": {
      "Lnet/minecraft/network/ClientConnection;handlePacket(Lnet/minecraft/network/Packet;Lnet/minecraft/network/listener/PacketListener;)V": "Lnet/minecraft/class_2535;method_10759(Lnet/minecraft/class_2596;Lnet/minecraft/class_2547;)V",
      "channelRead0": "Lnet/minecraft/class_2535;method_10770(Lio/netty/channel/ChannelHandlerContext;Lnet/minecraft/class_2596;)V",
      "send(Lnet/minecraft/network/Packet;Lio/netty/util/concurrent/GenericFutureListener;)V": "Lnet/minecraft/class_2535;method_10752(Lnet/minecraft/class_2596;Lio/netty/util/concurrent/GenericFutureListener;)V"
    },
    "ru/pulse/mixin/ClientPlayerEntityMixin": {
      "dropSelectedItem": "Lnet/minecraft/class_746;method_7290(Z)Z",
      "sendChatMessage": "Lnet/minecraft/class_746;method_3142(Ljava/lang/String;)V",
      "tick": "Lnet/minecraft/class_746;method_5773()V"
    },
    "ru/pulse/mixin/ClientPlayerInteractionManagerMixin": {
      "clickSlot": "Lnet/minecraft/class_636;method_2906(IIILnet/minecraft/class_1713;Lnet/minecraft/class_1657;)Lnet/minecraft/class_1799;",
      "interactItem": "Lnet/minecraft/class_636;method_2919(Lnet/minecraft/class_1657;Lnet/minecraft/class_1937;Lnet/minecraft/class_1268;)Lnet/minecraft/class_1269;"
    },
    "ru/pulse/mixin/ClientWorldMixin": {
      "getCloudsColor": "Lnet/minecraft/class_638;method_23785(F)Lnet/minecraft/class_243;",
      "getLightningTicksLeft": "Lnet/minecraft/class_638;method_23789()I",
      "method_23777": "Lnet/minecraft/class_638;method_23777(Lnet/minecraft/class_2338;F)Lnet/minecraft/class_243;"
    },
    "ru/pulse/mixin/DebugHudMixin": {
      "getLeftText": "Lnet/minecraft/class_340;method_1835()Ljava/util/List;",
      "getRightText": "Lnet/minecraft/class_340;method_1839()Ljava/util/List;"
    },
    "ru/pulse/mixin/EntityHitboxMixin": {
      "renderHitbox": "Lnet/minecraft/class_898;method_3956(Lnet/minecraft/class_4587;Lnet/minecraft/class_4588;Lnet/minecraft/class_1297;F)V"
    },
    "ru/pulse/mixin/EntityMixin": {
      "changeLookDirection": "Lnet/minecraft/class_1297;method_5872(DD)V",
      "isGlowing": "Lnet/minecraft/class_1297;method_5851()Z"
    },
    "ru/pulse/mixin/EntityRendererMixin": {
      "Lnet/minecraft/client/font/TextRenderer;draw(Lnet/minecraft/text/Text;FFIZLnet/minecraft/util/math/Matrix4f;Lnet/minecraft/client/render/VertexConsumerProvider;ZII)I": "Lnet/minecraft/class_327;method_30882(Lnet/minecraft/class_2561;FFIZLnet/minecraft/class_1159;Lnet/minecraft/class_4597;ZII)I",
      "renderLabelIfPresent": "Lnet/minecraft/class_897;method_3926(Lnet/minecraft/class_1297;Lnet/minecraft/class_2561;Lnet/minecraft/class_4587;Lnet/minecraft/class_4597;I)V"
    },
    "ru/pulse/mixin/FinalLivingEntityRendererMixin": {
      "Lnet/minecraft/client/render/entity/model/EntityModel;render(Lnet/minecraft/client/util/math/MatrixStack;Lnet/minecraft/client/render/VertexConsumer;IIFFFF)V": "Lnet/minecraft/class_583;method_2828(Lnet/minecraft/class_4587;Lnet/minecraft/class_4588;IIFFFF)V",
      "render": "Lnet/minecraft/class_922;method_4054(Lnet/minecraft/class_1309;FFLnet/minecraft/class_4587;Lnet/minecraft/class_4597;I)V"
    },
    "ru/pulse/mixin/GameMenuScreenMixin": {
      "(IIIILnet/minecraft/text/Text;Lnet/minecraft/client/gui/widget/ButtonWidget$PressAction;)Lnet/minecraft/client/gui/widget/ButtonWidget;": "(IIIILnet/minecraft/class_2561;Lnet/minecraft/class_4185$class_4241;)Lnet/minecraft/class_4185;",
      "initWidgets": "Lnet/minecraft/class_433;method_20543()V"
    },
    "ru/pulse/mixin/GameRendererMixin": {
      "bobViewWhenHurt": "Lnet/minecraft/class_757;method_3198(Lnet/minecraft/class_4587;F)V",
      "getBasicProjectionMatrix": "Lnet/minecraft/class_757;method_22973(Lnet/minecraft/class_4184;FZ)Lnet/minecraft/class_1159;",
      "renderWorld": "Lnet/minecraft/class_757;method_3188(FJLnet/minecraft/class_4587;)V",
      "showFloatingItem": "Lnet/minecraft/class_757;method_3189(Lnet/minecraft/class_1799;)V"
    },
    "ru/pulse/mixin/HandledScreenMixin": {
      "render": "Lnet/minecraft/class_465;method_25394(Lnet/minecraft/class_4587;IIF)V"
    },
    "ru/pulse/mixin/InGameHudMixin": {
      "Lnet/minecraft/client/gui/hud/InGameHud;setZOffset(I)V": "Lnet/minecraft/class_329;method_25304(I)V",
      "render": "Lnet/minecraft/class_329;method_1753(Lnet/minecraft/class_4587;F)V",
      "renderCrosshair": "Lnet/minecraft/class_329;method_1736(Lnet/minecraft/class_4587;)V",
      "renderHeldItemTooltip": "Lnet/minecraft/class_329;method_1749(Lnet/minecraft/class_4587;)V",
      "renderHotbar": "Lnet/minecraft/class_329;method_1759(FLnet/minecraft/class_4587;)V",
      "renderScoreboardSidebar": "Lnet/minecraft/class_329;method_1757(Lnet/minecraft/class_4587;Lnet/minecraft/class_266;)V",
      "tick": "Lnet/minecraft/class_329;method_1748()V"
    },
    "ru/pulse/mixin/ItemStackMixin": {
      "finishUsing": "Lnet/minecraft/class_1799;method_7910(Lnet/minecraft/class_1937;Lnet/minecraft/class_1309;)Lnet/minecraft/class_1799;"
    },
    "ru/pulse/mixin/KeyboardInputMixin": {
      "tick": "Lnet/minecraft/class_743;method_3129(Z)V"
    },
    "ru/pulse/mixin/KeyboardMixin": {
      "onKey": "Lnet/minecraft/class_309;method_1466(JIIII)V"
    },
    "ru/pulse/mixin/LivingEntityMixin": {
      "Lnet/minecraft/entity/LivingEntity;getDeathSound()Lnet/minecraft/sound/SoundEvent;": "Lnet/minecraft/class_1309;method_6002()Lnet/minecraft/class_3414;",
      "handleStatus": "Lnet/minecraft/class_1309;method_5711(B)V",
      "jump": "Lnet/minecraft/class_1309;method_6043()V"
    },
    "ru/pulse/mixin/LivingEntityRendererMixin": {
      "Lnet/minecraft/entity/LivingEntity;isSpectator()Z": "Lnet/minecraft/class_1309;method_7325()Z",
      "render(Lnet/minecraft/entity/LivingEntity;FFLnet/minecraft/client/util/math/MatrixStack;Lnet/minecraft/client/render/VertexConsumerProvider;I)V": "Lnet/minecraft/class_922;method_4054(Lnet/minecraft/class_1309;FFLnet/minecraft/class_4587;Lnet/minecraft/class_4597;I)V"
    },
    "ru/pulse/mixin/MinecraftClientMixin": {
      "<init>": "Lnet/minecraft/class_310;<init>(Lnet/minecraft/class_542;)V",
      "Lnet/minecraft/client/MinecraftClient;fpsCounter:I": "Lnet/minecraft/class_310;field_1735:I",
      "Lnet/minecraft/client/network/ClientPlayerInteractionManager;attackEntity(Lnet/minecraft/entity/player/PlayerEntity;Lnet/minecraft/entity/Entity;)V": "Lnet/minecraft/class_636;method_2918(Lnet/minecraft/class_1657;Lnet/minecraft/class_1297;)V",
      "Lnet/minecraft/client/render/debug/DebugRenderer;<init>(Lnet/minecraft/client/MinecraftClient;)V": "Lnet/minecraft/class_863;<init>(Lnet/minecraft/class_310;)V",
      "doAttack": "Lnet/minecraft/class_310;method_1536()V",
      "isConnectedToRealms": "Lnet/minecraft/class_310;method_1589()Z",
      "isMultiplayerEnabled": "Lnet/minecraft/class_310;method_29043()Z",
      "isOnlineChatEnabled": "Lnet/minecraft/class_310;method_29044()Z",
      "joinWorld": "Lnet/minecraft/class_310;method_1481(Lnet/minecraft/class_638;)V",
      "render": "Lnet/minecraft/class_310;method_1523(Z)V",
      "tick": "Lnet/minecraft/class_310;method_1574()V"
    },
    "ru/pulse/mixin/MixinClientPlayNetworkHandler": {
      "clearWorld": "Lnet/minecraft/class_634;method_2868()V",
      "onEntityStatus": "Lnet/minecraft/class_634;method_11148(Lnet/minecraft/class_2663;)V",
      "onGameJoin": "Lnet/minecraft/class_634;method_11120(Lnet/minecraft/class_2678;)V"
    },
    "ru/pulse/mixin/MouseMixin": {
      "onMouseButton": "Lnet/minecraft/class_312;method_1601(JIII)V"
    },
    "ru/pulse/mixin/OverlayRendererMixin": {
      "renderFireOverlay": "Lnet/minecraft/class_4603;method_23070(Lnet/minecraft/class_310;Lnet/minecraft/class_4587;)V",
      "renderUnderwaterOverlay": "Lnet/minecraft/class_4603;method_23069(Lnet/minecraft/class_310;Lnet/minecraft/class_4587;)V"
    },
    "ru/pulse/mixin/ParticleManagerMixin": {
      "addParticle(Lnet/minecraft/particle/ParticleEffect;DDDDDD)Lnet/minecraft/client/particle/Particle;": "Lnet/minecraft/class_702;method_3056(Lnet/minecraft/class_2394;DDDDDD)Lnet/minecraft/class_703;"
    },
    "ru/pulse/mixin/PlayerEntityMixin": {
      "attack": "Lnet/minecraft/class_1657;method_7324(Lnet/minecraft/class_1297;)V"
    },
    "ru/pulse/mixin/PlayerEntityRendererMixin": {
      "render": "Lnet/minecraft/class_1007;method_4215(Lnet/minecraft/class_742;FFLnet/minecraft/class_4587;Lnet/minecraft/class_4597;I)V"
    },
    "ru/pulse/mixin/PlayerListHudMixin": {
      "Lnet/minecraft/client/font/TextRenderer;drawWithShadow(Lnet/minecraft/client/util/math/MatrixStack;Lnet/minecraft/text/Text;FFI)I": "Lnet/minecraft/class_327;method_30881(Lnet/minecraft/class_4587;Lnet/minecraft/class_2561;FFI)I",
      "Lnet/minecraft/client/gui/hud/PlayerListHud;getPlayerName(Lnet/minecraft/client/network/PlayerListEntry;)Lnet/minecraft/text/Text;": "Lnet/minecraft/class_355;method_1918(Lnet/minecraft/class_640;)Lnet/minecraft/class_2561;",
      "Lnet/minecraft/client/gui/hud/PlayerListHud;header:Lnet/minecraft/text/Text;": "Lnet/minecraft/class_355;field_2153:Lnet/minecraft/class_2561;",
      "render": "Lnet/minecraft/class_355;method_1919(Lnet/minecraft/class_4587;ILnet/minecraft/class_269;Lnet/minecraft/class_266;)V"
    },
    "ru/pulse/mixin/PlayerListMixin": {
      "onGameJoin": "Lnet/minecraft/class_634;method_11120(Lnet/minecraft/class_2678;)V",
      "onPlayerList": "Lnet/minecraft/class_634;method_11113(Lnet/minecraft/class_2703;)V"
    },
    "ru/pulse/mixin/ScoreboardMixin": {
      "Lnet/minecraft/scoreboard/ScoreboardObjective;getDisplayName()Lnet/minecraft/text/Text;": "Lnet/minecraft/class_266;method_1114()Lnet/minecraft/class_2561;",
      "renderScoreboardSidebar": "Lnet/minecraft/class_329;method_1757(Lnet/minecraft/class_4587;Lnet/minecraft/class_266;)V"
    },
    "ru/pulse/mixin/SoundSystemMixin": {
      "play(Lnet/minecraft/client/sound/SoundInstance;)V": "Lnet/minecraft/class_1140;method_4854(Lnet/minecraft/class_1113;)V"
    },
    "ru/pulse/mixin/StatusEffectsMixin": {
      "hasStatusEffect": "Lnet/minecraft/class_1309;method_6059(Lnet/minecraft/class_1291;)Z"
    },
    "ru/pulse/mixin/TextMixin": {
      "asString": "Lnet/minecraft/class_2585;method_10851()Ljava/lang/String;",
      "getRawString": "Lnet/minecraft/class_2585;method_10993()Ljava/lang/String;"
    },
    "ru/pulse/mixin/TotemEffectMixin": {
      "renderHeldItemTooltip": "Lnet/minecraft/class_329;method_1749(Lnet/minecraft/class_4587;)V",
      "tick": "Lnet/minecraft/class_329;method_1748()V"
    },
    "ru/pulse/mixin/WorldMixin": {
      "getRainGradient": "Lnet/minecraft/class_1937;method_8430(F)F",
      "getThunderGradient": "Lnet/minecraft/class_1937;method_8478(F)F",
      "hasRain": "Lnet/minecraft/class_1937;method_8520(Lnet/minecraft/class_2338;)Z",
      "isRaining": "Lnet/minecraft/class_1937;method_8419()Z",
      "isThundering": "Lnet/minecraft/class_1937;method_8546()Z"
    },
    "ru/pulse/mixin/WorldRendererMixin": {
      "Lcom/mojang/blaze3d/systems/RenderSystem;color3f(FFF)V": "Lcom/mojang/blaze3d/systems/RenderSystem;color3f(FFF)V",
      "render": "Lnet/minecraft/class_761;method_22710(Lnet/minecraft/class_4587;FJZLnet/minecraft/class_4184;Lnet/minecraft/class_757;Lnet/minecraft/class_765;Lnet/minecraft/class_1159;)V",
      "renderSky": "Lnet/minecraft/class_761;method_3257(Lnet/minecraft/class_4587;F)V",
      "renderWeather": "Lnet/minecraft/class_761;method_22714(Lnet/minecraft/class_765;FDDD)V",
      "tickRainSplashing": "Lnet/minecraft/class_761;method_22713(Lnet/minecraft/class_4184;)V"
    },
    "ru/pulse/mixin/accessor/BossBarHudAccessor": {
      "bossBars": "field_2060:Ljava/util/Map;"
    },
    "ru/pulse/mixin/accessor/CloseScreenS2CPacketAccessor": {
      "syncId": "field_12137:I"
    },
    "ru/pulse/mixin/accessor/GameRendererAccessor": {
      "getFov": "method_3196(Lnet/minecraft/class_4184;FZ)D"
    },
    "ru/pulse/mixin/accessor/MinecraftClientAccessor": {
      "session": "field_1726:Lnet/minecraft/class_320;"
    },
    "ru/pulse/mixin/accessor/PlayerListHudAccessor": {
      "footer": "field_2154:Lnet/minecraft/class_2561;",
      "header": "field_2153:Lnet/minecraft/class_2561;"
    }
  },
  "data": {
    "named:intermediary": {
      "ru/pulse/mixin/ArmorFeatureRendererMixin": {
        "Lnet/minecraft/client/render/entity/model/BipedEntityModel;render(Lnet/minecraft/client/util/math/MatrixStack;Lnet/minecraft/client/render/VertexConsumer;IIFFFF)V": "Lnet/minecraft/class_572;method_2828(Lnet/minecraft/class_4587;Lnet/minecraft/class_4588;IIFFFF)V",
        "render": "Lnet/minecraft/class_970;method_17157(Lnet/minecraft/class_4587;Lnet/minecraft/class_4597;ILnet/minecraft/class_1309;FFFFFF)V",
        "renderArmorParts": "Lnet/minecraft/class_970;method_23192(Lnet/minecraft/class_4587;Lnet/minecraft/class_4597;ILnet/minecraft/class_1738;ZLnet/minecraft/class_572;ZFFFLjava/lang/String;)V"
      },
      "ru/pulse/mixin/BackgroundRendererMixin": {
        "Lcom/mojang/blaze3d/systems/RenderSystem;clearColor(FFFF)V": "Lcom/mojang/blaze3d/systems/RenderSystem;clearColor(FFFF)V",
        "applyFog": "Lnet/minecraft/class_758;method_3211(Lnet/minecraft/class_4184;Lnet/minecraft/class_758$class_4596;FZ)V",
        "render": "Lnet/minecraft/class_758;method_3210(Lnet/minecraft/class_4184;FLnet/minecraft/class_638;IF)V"
      },
      "ru/pulse/mixin/BlockOutlineMixin": {
        "drawBlockOutline": "Lnet/minecraft/class_761;method_22712(Lnet/minecraft/class_4587;Lnet/minecraft/class_4588;Lnet/minecraft/class_1297;DDDLnet/minecraft/class_2338;Lnet/minecraft/class_2680;)V"
      },
      "ru/pulse/mixin/BossBarHudMixin": {
        "render": "Lnet/minecraft/class_337;method_1796(Lnet/minecraft/class_4587;)V"
      },
      "ru/pulse/mixin/CameraMixin": {
        "Lnet/minecraft/client/render/Camera;setRotation(FF)V": "Lnet/minecraft/class_4184;method_19325(FF)V",
        "update": "Lnet/minecraft/class_4184;method_19321(Lnet/minecraft/class_1922;Lnet/minecraft/class_1297;ZZF)V"
      },
      "ru/pulse/mixin/ChatHideMixin": {
        "init": "Lnet/minecraft/class_408;method_25426()V"
      },
      "ru/pulse/mixin/ChatInputMixin": {
        "render": "Lnet/minecraft/class_408;method_25394(Lnet/minecraft/class_4587;IIF)V"
      },
      "ru/pulse/mixin/ChatSuggestionsMixin": {
        "render": "Lnet/minecraft/class_4717;method_23923(Lnet/minecraft/class_4587;II)V"
      },
      "ru/pulse/mixin/ClientConnectionMixin": {
        "Lnet/minecraft/network/ClientConnection;handlePacket(Lnet/minecraft/network/Packet;Lnet/minecraft/network/listener/PacketListener;)V": "Lnet/minecraft/class_2535;method_10759(Lnet/minecraft/class_2596;Lnet/minecraft/class_2547;)V",
        "channelRead0": "Lnet/minecraft/class_2535;method_10770(Lio/netty/channel/ChannelHandlerContext;Lnet/minecraft/class_2596;)V",
        "send(Lnet/minecraft/network/Packet;Lio/netty/util/concurrent/GenericFutureListener;)V": "Lnet/minecraft/class_2535;method_10752(Lnet/minecraft/class_2596;Lio/netty/util/concurrent/GenericFutureListener;)V"
      },
      "ru/pulse/mixin/ClientPlayerEntityMixin": {
        "dropSelectedItem": "Lnet/minecraft/class_746;method_7290(Z)Z",
        "sendChatMessage": "Lnet/minecraft/class_746;method_3142(Ljava/lang/String;)V",
        "tick": "Lnet/minecraft/class_746;method_5773()V"
      },
      "ru/pulse/mixin/ClientPlayerInteractionManagerMixin": {
        "clickSlot": "Lnet/minecraft/class_636;method_2906(IIILnet/minecraft/class_1713;Lnet/minecraft/class_1657;)Lnet/minecraft/class_1799;",
        "interactItem": "Lnet/minecraft/class_636;method_2919(Lnet/minecraft/class_1657;Lnet/minecraft/class_1937;Lnet/minecraft/class_1268;)Lnet/minecraft/class_1269;"
      },
      "ru/pulse/mixin/ClientWorldMixin": {
        "getCloudsColor": "Lnet/minecraft/class_638;method_23785(F)Lnet/minecraft/class_243;",
        "getLightningTicksLeft": "Lnet/minecraft/class_638;method_23789()I",
        "method_23777": "Lnet/minecraft/class_638;method_23777(Lnet/minecraft/class_2338;F)Lnet/minecraft/class_243;"
      },
      "ru/pulse/mixin/DebugHudMixin": {
        "getLeftText": "Lnet/minecraft/class_340;method_1835()Ljava/util/List;",
        "getRightText": "Lnet/minecraft/class_340;method_1839()Ljava/util/List;"
      },
      "ru/pulse/mixin/EntityHitboxMixin": {
        "renderHitbox": "Lnet/minecraft/class_898;method_3956(Lnet/minecraft/class_4587;Lnet/minecraft/class_4588;Lnet/minecraft/class_1297;F)V"
      },
      "ru/pulse/mixin/EntityMixin": {
        "changeLookDirection": "Lnet/minecraft/class_1297;method_5872(DD)V",
        "isGlowing": "Lnet/minecraft/class_1297;method_5851()Z"
      },
      "ru/pulse/mixin/EntityRendererMixin": {
        "Lnet/minecraft/client/font/TextRenderer;draw(Lnet/minecraft/text/Text;FFIZLnet/minecraft/util/math/Matrix4f;Lnet/minecraft/client/render/VertexConsumerProvider;ZII)I": "Lnet/minecraft/class_327;method_30882(Lnet/minecraft/class_2561;FFIZLnet/minecraft/class_1159;Lnet/minecraft/class_4597;ZII)I",
        "renderLabelIfPresent": "Lnet/minecraft/class_897;method_3926(Lnet/minecraft/class_1297;Lnet/minecraft/class_2561;Lnet/minecraft/class_4587;Lnet/minecraft/class_4597;I)V"
      },
      "ru/pulse/mixin/FinalLivingEntityRendererMixin": {
        "Lnet/minecraft/client/render/entity/model/EntityModel;render(Lnet/minecraft/client/util/math/MatrixStack;Lnet/minecraft/client/render/VertexConsumer;IIFFFF)V": "Lnet/minecraft/class_583;method_2828(Lnet/minecraft/class_4587;Lnet/minecraft/class_4588;IIFFFF)V",
        "render": "Lnet/minecraft/class_922;method_4054(Lnet/minecraft/class_1309;FFLnet/minecraft/class_4587;Lnet/minecraft/class_4597;I)V"
      },
      "ru/pulse/mixin/GameMenuScreenMixin": {
        "(IIIILnet/minecraft/text/Text;Lnet/minecraft/client/gui/widget/ButtonWidget$PressAction;)Lnet/minecraft/client/gui/widget/ButtonWidget;": "(IIIILnet/minecraft/class_2561;Lnet/minecraft/class_4185$class_4241;)Lnet/minecraft/class_4185;",
        "initWidgets": "Lnet/minecraft/class_433;method_20543()V"
      },
      "ru/pulse/mixin/GameRendererMixin": {
        "bobViewWhenHurt": "Lnet/minecraft/class_757;method_3198(Lnet/minecraft/class_4587;F)V",
        "getBasicProjectionMatrix": "Lnet/minecraft/class_757;method_22973(Lnet/minecraft/class_4184;FZ)Lnet/minecraft/class_1159;",
        "renderWorld": "Lnet/minecraft/class_757;method_3188(FJLnet/minecraft/class_4587;)V",
        "showFloatingItem": "Lnet/minecraft/class_757;method_3189(Lnet/minecraft/class_1799;)V"
      },
      "ru/pulse/mixin/HandledScreenMixin": {
        "render": "Lnet/minecraft/class_465;method_25394(Lnet/minecraft/class_4587;IIF)V"
      },
      "ru/pulse/mixin/InGameHudMixin": {
        "Lnet/minecraft/client/gui/hud/InGameHud;setZOffset(I)V": "Lnet/minecraft/class_329;method_25304(I)V",
        "render": "Lnet/minecraft/class_329;method_1753(Lnet/minecraft/class_4587;F)V",
        "renderCrosshair": "Lnet/minecraft/class_329;method_1736(Lnet/minecraft/class_4587;)V",
        "renderHeldItemTooltip": "Lnet/minecraft/class_329;method_1749(Lnet/minecraft/class_4587;)V",
        "renderHotbar": "Lnet/minecraft/class_329;method_1759(FLnet/minecraft/class_4587;)V",
        "renderScoreboardSidebar": "Lnet/minecraft/class_329;method_1757(Lnet/minecraft/class_4587;Lnet/minecraft/class_266;)V",
        "tick": "Lnet/minecraft/class_329;method_1748()V"
      },
      "ru/pulse/mixin/ItemStackMixin": {
        "finishUsing": "Lnet/minecraft/class_1799;method_7910(Lnet/minecraft/class_1937;Lnet/minecraft/class_1309;)Lnet/minecraft/class_1799;"
      },
      "ru/pulse/mixin/KeyboardInputMixin": {
        "tick": "Lnet/minecraft/class_743;method_3129(Z)V"
      },
      "ru/pulse/mixin/KeyboardMixin": {
        "onKey": "Lnet/minecraft/class_309;method_1466(JIIII)V"
      },
      "ru/pulse/mixin/LivingEntityMixin": {
        "Lnet/minecraft/entity/LivingEntity;getDeathSound()Lnet/minecraft/sound/SoundEvent;": "Lnet/minecraft/class_1309;method_6002()Lnet/minecraft/class_3414;",
        "handleStatus": "Lnet/minecraft/class_1309;method_5711(B)V",
        "jump": "Lnet/minecraft/class_1309;method_6043()V"
      },
      "ru/pulse/mixin/LivingEntityRendererMixin": {
        "Lnet/minecraft/entity/LivingEntity;isSpectator()Z": "Lnet/minecraft/class_1309;method_7325()Z",
        "render(Lnet/minecraft/entity/LivingEntity;FFLnet/minecraft/client/util/math/MatrixStack;Lnet/minecraft/client/render/VertexConsumerProvider;I)V": "Lnet/minecraft/class_922;method_4054(Lnet/minecraft/class_1309;FFLnet/minecraft/class_4587;Lnet/minecraft/class_4597;I)V"
      },
      "ru/pulse/mixin/MinecraftClientMixin": {
        "<init>": "Lnet/minecraft/class_310;<init>(Lnet/minecraft/class_542;)V",
        "Lnet/minecraft/client/MinecraftClient;fpsCounter:I": "Lnet/minecraft/class_310;field_1735:I",
        "Lnet/minecraft/client/network/ClientPlayerInteractionManager;attackEntity(Lnet/minecraft/entity/player/PlayerEntity;Lnet/minecraft/entity/Entity;)V": "Lnet/minecraft/class_636;method_2918(Lnet/minecraft/class_1657;Lnet/minecraft/class_1297;)V",
        "Lnet/minecraft/client/render/debug/DebugRenderer;<init>(Lnet/minecraft/client/MinecraftClient;)V": "Lnet/minecraft/class_863;<init>(Lnet/minecraft/class_310;)V",
        "doAttack": "Lnet/minecraft/class_310;method_1536()V",
        "isConnectedToRealms": "Lnet/minecraft/class_310;method_1589()Z",
        "isMultiplayerEnabled": "Lnet/minecraft/class_310;method_29043()Z",
        "isOnlineChatEnabled": "Lnet/minecraft/class_310;method_29044()Z",
        "joinWorld": "Lnet/minecraft/class_310;method_1481(Lnet/minecraft/class_638;)V",
        "render": "Lnet/minecraft/class_310;method_1523(Z)V",
        "tick": "Lnet/minecraft/class_310;method_1574()V"
      },
      "ru/pulse/mixin/MixinClientPlayNetworkHandler": {
        "clearWorld": "Lnet/minecraft/class_634;method_2868()V",
        "onEntityStatus": "Lnet/minecraft/class_634;method_11148(Lnet/minecraft/class_2663;)V",
        "onGameJoin": "Lnet/minecraft/class_634;method_11120(Lnet/minecraft/class_2678;)V"
      },
      "ru/pulse/mixin/MouseMixin": {
        "onMouseButton": "Lnet/minecraft/class_312;method_1601(JIII)V"
      },
      "ru/pulse/mixin/OverlayRendererMixin": {
        "renderFireOverlay": "Lnet/minecraft/class_4603;method_23070(Lnet/minecraft/class_310;Lnet/minecraft/class_4587;)V",
        "renderUnderwaterOverlay": "Lnet/minecraft/class_4603;method_23069(Lnet/minecraft/class_310;Lnet/minecraft/class_4587;)V"
      },
      "ru/pulse/mixin/ParticleManagerMixin": {
        "addParticle(Lnet/minecraft/particle/ParticleEffect;DDDDDD)Lnet/minecraft/client/particle/Particle;": "Lnet/minecraft/class_702;method_3056(Lnet/minecraft/class_2394;DDDDDD)Lnet/minecraft/class_703;"
      },
      "ru/pulse/mixin/PlayerEntityMixin": {
        "attack": "Lnet/minecraft/class_1657;method_7324(Lnet/minecraft/class_1297;)V"
      },
      "ru/pulse/mixin/PlayerEntityRendererMixin": {
        "render": "Lnet/minecraft/class_1007;method_4215(Lnet/minecraft/class_742;FFLnet/minecraft/class_4587;Lnet/minecraft/class_4597;I)V"
      },
      "ru/pulse/mixin/PlayerListHudMixin": {
        "Lnet/minecraft/client/font/TextRenderer;drawWithShadow(Lnet/minecraft/client/util/math/MatrixStack;Lnet/minecraft/text/Text;FFI)I": "Lnet/minecraft/class_327;method_30881(Lnet/minecraft/class_4587;Lnet/minecraft/class_2561;FFI)I",
        "Lnet/minecraft/client/gui/hud/PlayerListHud;getPlayerName(Lnet/minecraft/client/network/PlayerListEntry;)Lnet/minecraft/text/Text;": "Lnet/minecraft/class_355;method_1918(Lnet/minecraft/class_640;)Lnet/minecraft/class_2561;",
        "Lnet/minecraft/client/gui/hud/PlayerListHud;header:Lnet/minecraft/text/Text;": "Lnet/minecraft/class_355;field_2153:Lnet/minecraft/class_2561;",
        "render": "Lnet/minecraft/class_355;method_1919(Lnet/minecraft/class_4587;ILnet/minecraft/class_269;Lnet/minecraft/class_266;)V"
      },
      "ru/pulse/mixin/PlayerListMixin": {
        "onGameJoin": "Lnet/minecraft/class_634;method_11120(Lnet/minecraft/class_2678;)V",
        "onPlayerList": "Lnet/minecraft/class_634;method_11113(Lnet/minecraft/class_2703;)V"
      },
      "ru/pulse/mixin/ScoreboardMixin": {
        "Lnet/minecraft/scoreboard/ScoreboardObjective;getDisplayName()Lnet/minecraft/text/Text;": "Lnet/minecraft/class_266;method_1114()Lnet/minecraft/class_2561;",
        "renderScoreboardSidebar": "Lnet/minecraft/class_329;method_1757(Lnet/minecraft/class_4587;Lnet/minecraft/class_266;)V"
      },
      "ru/pulse/mixin/SoundSystemMixin": {
        "play(Lnet/minecraft/client/sound/SoundInstance;)V": "Lnet/minecraft/class_1140;method_4854(Lnet/minecraft/class_1113;)V"
      },
      "ru/pulse/mixin/StatusEffectsMixin": {
        "hasStatusEffect": "Lnet/minecraft/class_1309;method_6059(Lnet/minecraft/class_1291;)Z"
      },
      "ru/pulse/mixin/TextMixin": {
        "asString": "Lnet/minecraft/class_2585;method_10851()Ljava/lang/String;",
        "getRawString": "Lnet/minecraft/class_2585;method_10993()Ljava/lang/String;"
      },
      "ru/pulse/mixin/TotemEffectMixin": {
        "renderHeldItemTooltip": "Lnet/minecraft/class_329;method_1749(Lnet/minecraft/class_4587;)V",
        "tick": "Lnet/minecraft/class_329;method_1748()V"
      },
      "ru/pulse/mixin/WorldMixin": {
        "getRainGradient": "Lnet/minecraft/class_1937;method_8430(F)F",
        "getThunderGradient": "Lnet/minecraft/class_1937;method_8478(F)F",
        "hasRain": "Lnet/minecraft/class_1937;method_8520(Lnet/minecraft/class_2338;)Z",
        "isRaining": "Lnet/minecraft/class_1937;method_8419()Z",
        "isThundering": "Lnet/minecraft/class_1937;method_8546()Z"
      },
      "ru/pulse/mixin/WorldRendererMixin": {
        "Lcom/mojang/blaze3d/systems/RenderSystem;color3f(FFF)V": "Lcom/mojang/blaze3d/systems/RenderSystem;color3f(FFF)V",
        "render": "Lnet/minecraft/class_761;method_22710(Lnet/minecraft/class_4587;FJZLnet/minecraft/class_4184;Lnet/minecraft/class_757;Lnet/minecraft/class_765;Lnet/minecraft/class_1159;)V",
        "renderSky": "Lnet/minecraft/class_761;method_3257(Lnet/minecraft/class_4587;F)V",
        "renderWeather": "Lnet/minecraft/class_761;method_22714(Lnet/minecraft/class_765;FDDD)V",
        "tickRainSplashing": "Lnet/minecraft/class_761;method_22713(Lnet/minecraft/class_4184;)V"
      },
      "ru/pulse/mixin/accessor/BossBarHudAccessor": {
        "bossBars": "field_2060:Ljava/util/Map;"
      },
      "ru/pulse/mixin/accessor/CloseScreenS2CPacketAccessor": {
        "syncId": "field_12137:I"
      },
      "ru/pulse/mixin/accessor/GameRendererAccessor": {
        "getFov": "method_3196(Lnet/minecraft/class_4184;FZ)D"
      },
      "ru/pulse/mixin/accessor/MinecraftClientAccessor": {
        "session": "field_1726:Lnet/minecraft/class_320;"
      },
      "ru/pulse/mixin/accessor/PlayerListHudAccessor": {
        "footer": "field_2154:Lnet/minecraft/class_2561;",
        "header": "field_2153:Lnet/minecraft/class_2561;"
      }
    }
  }
}