{
  "required": true,
  "minVersion": "0.8",
  "package": "ru.pulse.mixin",
  "compatibilityLevel": "JAVA_8",
  "mixins": [
    "StatusEffectsMixin"
  ],
  "client": [
    "BackgroundRendererMixin",
    "BossBarHudMixin",
    "ChatHideMixin",
    "ChatInputMixin",
    "ChatSuggestionsMixin",
    "ClientConnectionMixin",
    "ParticleManagerMixin",
    "ClientPlayerEntityMixin",
    "CameraMixin",
    "KeyboardInputMixin",
    "PlayerEntityRendererMixin",
    "BlockOutlineMixin",
    "EntityMixin",
    "LivingEntityRendererMixin",
    "ClientPlayerInteractionManagerMixin",
    "DebugHudMixin",
    "EntityHitboxMixin",
    "ArmorFeatureRendererMixin",
    "SoundSystemMixin",
    "PlayerEntityMixin",
    "FinalLivingEntityRendererMixin",
    "FirstPersonRendererMixin",
    "ClientWorldMixin",
    "WorldMixin",
    "GameMenuScreenMixin",
    "GameRendererMixin",
    "HandledScreenMixin",
    "PlayerListHudMixin",
    "PlayerListMixin",
    "EntityRendererMixin",
    "InGameHudMixin",
    "ItemRendererMixin",
    "ItemStackMixin",
    "KeyboardMixin",
    "LivingEntityMixin",
    "MinecraftClientMixin",
    "MixinClientPlayNetworkHandler",
    "MouseMixin",
    "NativeImageMixin",
    "OverlayRendererMixin",
    "ScoreboardMixin",
    "TotemEffectMixin",
    "WorldRendererMixin",
    "TextMixin",
    "accessor.MinecraftClientAccessor",
    "accessor.BossBarHudAccessor",
    "accessor.GameRendererAccessor",
    "accessor.CloseScreenS2CPacketAccessor",
    "accessor.PlayerListHudAccessor"
  ],
  "injectors": {
    "defaultRequire": 1
  },
  "refmap": "Minecraft-refmap.json"
}